,book_id,user_id,rating
0,1,314,5
1,1,439,3
2,1,588,5
3,1,1169,4
4,1,1185,4
5,1,2077,4
6,1,2487,4
7,1,2900,5
8,1,3662,4
9,1,3922,5
10,1,5379,5
11,1,5461,3
12,1,5885,5
13,1,6630,5
14,1,7563,3
15,1,9246,1
16,1,10140,4
17,1,10146,5
18,1,10246,4
19,1,10335,4
20,1,10610,5
21,1,10944,5
22,1,11854,4
23,1,11927,4
24,1,12471,5
25,1,13282,5
26,1,13544,5
27,1,15494,5
28,1,16377,4
29,1,16913,5
30,1,17434,5
31,1,17663,5
32,1,17984,5
33,1,18031,5
34,1,18313,5
35,1,18361,4
36,1,20076,3
37,1,20467,3
38,1,20848,5
39,1,21228,5
40,1,21487,4
41,1,21713,5
42,1,22602,4
43,1,23576,4
44,1,23612,4
45,1,24326,5
46,1,24389,4
47,1,24499,5
48,1,24834,4
49,1,24845,5
50,1,25164,4
51,1,25182,5
52,1,25214,4
53,1,26145,4
54,1,26629,4
55,1,26661,4
56,1,28158,4
57,1,28767,5
58,1,29123,3
59,1,29703,5
60,1,30681,5
61,1,31001,4
62,1,32055,4
63,1,32305,5
64,1,32592,4
65,1,32635,5
66,1,32748,5
67,1,32923,5
68,1,33065,4
69,1,33697,4
70,1,33716,5
71,1,33872,5
72,1,33890,3
73,1,37284,5
74,1,37834,5
75,1,38080,4
76,1,38082,5
77,1,38475,4
78,1,39423,3
79,1,41074,3
80,1,42404,5
81,1,43985,4
82,1,44243,2
83,1,44397,5
84,1,45269,4
85,1,45493,5
86,1,46977,4
87,1,47476,4
88,1,47746,5
89,1,47800,5
90,1,48482,3
91,1,49298,4
92,1,50104,5
93,1,50342,3
94,1,51166,4
95,1,51460,3
96,1,51480,1
97,1,51838,5
98,1,52036,2
99,1,53245,4
100,2,1169,3
101,2,3022,4
102,2,3922,5
103,2,5115,4
104,2,5436,5
105,2,5461,4
106,2,5885,4
107,2,6063,1
108,2,6342,3
109,2,6630,5
110,2,8167,2
111,2,9731,4
112,2,10111,5
113,2,10140,3
114,2,10288,5
115,2,10509,2
116,2,10610,5
117,2,10751,3
118,2,10944,5
119,2,11285,4
120,2,11408,5
121,2,11691,4
122,2,11692,3
123,2,11868,5
124,2,11927,5
125,2,11945,5
126,2,12874,4
127,2,12946,5
128,2,13282,5
129,2,13794,1
130,2,14372,3
131,2,14546,5
132,2,14603,4
133,2,15604,4
134,2,16913,2
135,2,17434,5
136,2,17566,4
137,2,17643,1
138,2,17663,5
139,2,17984,5
140,2,18313,5
141,2,18361,4
142,2,19526,4
143,2,19724,5
144,2,19729,4
145,2,19942,5
146,2,21217,4
147,2,21228,4
148,2,21487,5
149,2,21676,5
150,2,21733,5
151,2,22602,4
152,2,23576,5
153,2,23612,5
154,2,24499,5
155,2,24834,4
156,2,25164,4
157,2,25182,5
158,2,26145,4
159,2,26629,4
160,2,27499,5
161,2,28767,4
162,2,30313,5
163,2,30681,4
164,2,30944,5
165,2,32055,4
166,2,32305,5
167,2,32592,4
168,2,32635,4
169,2,32748,5
170,2,32918,5
171,2,33065,5
172,2,33697,4
173,2,33716,5
174,2,33872,5
175,2,36099,5
176,2,37834,4
177,2,38082,5
178,2,42404,5
179,2,42508,4
180,2,42810,4
181,2,45269,4
182,2,45493,5
183,2,46421,5
184,2,46977,3
185,2,47476,3
186,2,47478,2
187,2,47800,5
188,2,48482,5
189,2,48559,5
190,2,48687,1
191,2,49298,5
192,2,50096,5
193,2,50104,5
194,2,50133,5
195,2,51166,5
196,2,51460,4
197,2,51838,4
198,2,52036,3
199,2,53292,5
200,3,314,3
201,3,588,1
202,3,2077,2
203,3,2487,3
204,3,2900,3
205,3,3662,4
206,3,4536,1
207,3,5115,4
208,3,5272,5
209,3,5461,2
210,3,5885,4
211,3,6063,5
212,3,6630,5
213,3,6634,3
214,3,7001,4
215,3,9246,1
216,3,9731,2
217,3,9771,3
218,3,10140,3
219,3,10246,1
220,3,10249,5
221,3,10509,1
222,3,10610,1
223,3,10751,1
224,3,10944,1
225,3,11285,2
226,3,11408,3
227,3,11599,4
228,3,11854,1
229,3,11927,4
230,3,12471,2
231,3,12946,4
232,3,13274,5
233,3,13282,5
234,3,13794,1
235,3,14546,5
236,3,15604,1
237,3,16377,1
238,3,16569,1
239,3,16913,4
240,3,17434,4
241,3,17663,4
242,3,18031,3
243,3,18313,5
244,3,19724,4
245,3,19942,4
246,3,19984,2
247,3,20076,3
248,3,20782,4
249,3,20848,4
250,3,21228,3
251,3,21487,3
252,3,21733,1
253,3,22602,3
254,3,23576,1
255,3,23612,3
256,3,24326,3
257,3,24389,3
258,3,25182,3
259,3,25214,1
260,3,26398,2
261,3,26629,4
262,3,28767,3
263,3,29703,1
264,3,30681,4
265,3,32305,1
266,3,32592,5
267,3,32635,4
268,3,32918,5
269,3,33065,1
270,3,33716,3
271,3,36099,4
272,3,36240,2
273,3,37284,1
274,3,37834,4
275,3,37855,3
276,3,38080,5
277,3,38082,3
278,3,38475,3
279,3,42404,5
280,3,43602,4
281,3,43985,2
282,3,46977,2
283,3,47746,5
284,3,48482,3
285,3,48687,1
286,3,49288,5
287,3,49289,5
288,3,49295,5
289,3,49297,5
290,3,49298,1
291,3,50096,5
292,3,50101,5
293,3,50102,5
294,3,50104,5
295,3,50133,5
296,3,51166,3
297,3,51460,2
298,3,52036,1
299,3,53292,5
300,4,439,5
301,4,1169,5
302,4,2324,5
303,4,2487,5
304,4,3739,5
305,4,3922,4
306,4,4606,1
307,4,5115,5
308,4,5436,5
309,4,6342,5
310,4,6630,4
311,4,8167,5
312,4,8178,5
313,4,9246,4
314,4,10140,4
315,4,11285,3
316,4,11691,5
317,4,11692,5
318,4,11868,3
319,4,11945,5
320,4,12381,5
321,4,12874,5
322,4,12946,5
323,4,13034,4
324,4,13776,4
325,4,13794,4
326,4,14192,4
327,4,14207,3
328,4,14546,5
329,4,14603,5
330,4,15604,3
331,4,17228,5
332,4,17643,5
333,4,17663,5
334,4,17984,5
335,4,18031,5
336,4,18313,5
337,4,19526,5
338,4,19724,5
339,4,19729,4
340,4,20406,2
341,4,20467,4
342,4,21217,4
343,4,21228,3
344,4,21487,5
345,4,21676,3
346,4,21733,5
347,4,23576,5
348,4,24326,5
349,4,25164,5
350,4,25182,5
351,4,25840,3
352,4,26579,3
353,4,26629,4
354,4,26661,5
355,4,27499,5
356,4,27834,5
357,4,27934,4
358,4,28767,5
359,4,29123,3
360,4,29703,5
361,4,30283,4
362,4,30313,5
363,4,30681,5
364,4,30944,5
365,4,32305,5
366,4,32338,4
367,4,32592,5
368,4,32745,4
369,4,32748,5
370,4,32918,5
371,4,32923,5
372,4,33065,5
373,4,33697,5
374,4,33716,4
375,4,33872,5
376,4,34688,4
377,4,36099,5
378,4,37284,3
379,4,37834,4
380,4,39423,5
381,4,42404,5
382,4,43985,5
383,4,44243,3
384,4,44397,5
385,4,45269,5
386,4,46482,5
387,4,47411,4
388,4,47730,5
389,4,47800,5
390,4,48482,3
391,4,48559,5
392,4,48687,5
393,4,49298,5
394,4,50102,5
395,4,51460,5
396,4,51838,4
397,4,52036,3
398,4,53245,5
399,4,53292,5
400,5,314,4
401,5,1169,5
402,5,1952,5
403,5,2324,5
404,5,2487,3
405,5,2900,5
406,5,3022,1
407,5,3662,4
408,5,3739,5
409,5,3922,2
410,5,5115,3
411,5,5461,5
412,5,6342,5
413,5,6630,3
414,5,7001,5
415,5,8167,4
416,5,8370,3
417,5,9246,3
418,5,10111,5
419,5,10246,4
420,5,10402,4
421,5,10944,3
422,5,11691,5
423,5,11692,4
424,5,11868,3
425,5,11927,5
426,5,11945,4
427,5,12381,4
428,5,12476,5
429,5,12874,4
430,5,12946,5
431,5,13034,4
432,5,13776,4
433,5,13794,2
434,5,14546,2
435,5,14603,4
436,5,15547,2
437,5,17228,5
438,5,17643,2
439,5,17663,5
440,5,18031,5
441,5,18313,2
442,5,19526,4
443,5,19724,5
444,5,19729,4
445,5,20406,5
446,5,20467,4
447,5,21217,4
448,5,21228,4
449,5,21487,5
450,5,21676,4
451,5,21733,4
452,5,22602,5
453,5,23576,5
454,5,24499,3
455,5,25164,4
456,5,25182,5
457,5,25840,3
458,5,26629,5
459,5,26661,5
460,5,27499,5
461,5,27834,4
462,5,28158,4
463,5,28767,2
464,5,29703,5
465,5,29819,2
466,5,30681,3
467,5,30944,4
468,5,32338,3
469,5,32635,3
470,5,32748,4
471,5,32923,5
472,5,33065,4
473,5,33697,5
474,5,33716,4
475,5,33872,4
476,5,34688,3
477,5,36099,3
478,5,37284,2
479,5,38798,2
480,5,39423,2
481,5,41074,3
482,5,42404,3
483,5,44243,2
484,5,44397,5
485,5,45269,4
486,5,45493,5
487,5,45554,5
488,5,46139,4
489,5,46421,5
490,5,46482,5
491,5,47800,3
492,5,48559,3
493,5,48687,5
494,5,49298,2
495,5,50104,5
496,5,51166,4
497,5,51838,4
498,5,52036,4
499,5,53292,5
500,6,173,5
501,6,314,5
502,6,725,5
503,6,2077,2
504,6,2171,5
505,6,3662,5
506,6,5379,5
507,6,6016,5
508,6,8440,4
509,6,8612,4
510,6,9195,3
511,6,9246,2
512,6,9722,5
513,6,10727,5
514,6,11599,4
515,6,11691,3
516,6,11927,5
517,6,12476,4
518,6,13282,5
519,6,14222,4
520,6,14285,4
521,6,15318,4
522,6,16569,5
523,6,16913,5
524,6,17329,5
525,6,17405,4
526,6,17984,4
527,6,18031,1
528,6,18179,1
529,6,18199,5
530,6,18316,5
531,6,18361,5
532,6,18550,4
533,6,18798,4
534,6,18957,5
535,6,20076,4
536,6,20782,4
537,6,21228,4
538,6,22212,4
539,6,22534,3
540,6,24326,5
541,6,25030,3
542,6,26146,3
543,6,26244,5
544,6,26398,4
545,6,26942,4
546,6,28158,3
547,6,28831,4
548,6,29031,4
549,6,29644,5
550,6,29689,3
551,6,30601,5
552,6,30879,5
553,6,31001,4
554,6,31305,4
555,6,31760,4
556,6,32419,4
557,6,32635,5
558,6,32923,4
559,6,33119,5
560,6,33147,5
561,6,33207,4
562,6,33872,2
563,6,34531,4
564,6,35259,2
565,6,35982,2
566,6,36664,3
567,6,37035,4
568,6,37041,3
569,6,38687,3
570,6,38851,5
571,6,39720,4
572,6,40167,3
573,6,40251,5
574,6,40490,3
575,6,41318,3
576,6,43985,4
577,6,45493,4
578,6,47490,5
579,6,47746,5
580,6,48687,5
581,6,49138,5
582,6,49382,5
583,6,49830,5
584,6,50096,5
585,6,50101,5
586,6,50102,5
587,6,50104,5
588,6,50133,5
589,6,50610,3
590,6,51065,5
591,6,51166,5
592,6,51480,2
593,6,51762,4
594,6,52036,2
595,6,52469,5
596,6,52583,5
597,6,52740,2
598,6,53145,5
599,6,53292,5
600,7,439,3
601,7,951,5
602,7,2324,5
603,7,3022,3
604,7,3739,5
605,7,3922,5
606,7,4536,3
607,7,5115,4
608,7,5436,5
609,7,5461,5
610,7,5629,3
611,7,6063,4
612,7,6630,5
613,7,6634,4
614,7,7001,3
615,7,7563,4
616,7,8167,3
617,7,8484,4
618,7,10111,4
619,7,10140,4
620,7,10246,4
621,7,10249,5
622,7,10509,2
623,7,10610,4
624,7,10944,5
625,7,11285,3
626,7,11408,2
627,7,11691,4
628,7,11692,4
629,7,11854,5
630,7,11868,1
631,7,11927,5
632,7,12381,5
633,7,12455,1
634,7,12874,4
635,7,12946,5
636,7,13034,4
637,7,13282,1
638,7,13794,3
639,7,14192,5
640,7,14248,5
641,7,14546,3
642,7,15604,3
643,7,16569,5
644,7,16913,3
645,7,17566,4
646,7,17643,3
647,7,17663,4
648,7,18031,5
649,7,18313,5
650,7,18798,3
651,7,19526,5
652,7,19984,5
653,7,20406,5
654,7,20848,5
655,7,21217,4
656,7,21228,5
657,7,21487,4
658,7,21676,5
659,7,21733,2
660,7,22164,4
661,7,22602,4
662,7,23576,1
663,7,24499,2
664,7,24845,5
665,7,25840,3
666,7,26145,4
667,7,26629,4
668,7,26718,4
669,7,27499,5
670,7,28767,2
671,7,30944,5
672,7,31001,5
673,7,32055,3
674,7,32305,5
675,7,32592,4
676,7,32635,4
677,7,32748,5
678,7,33697,4
679,7,33872,4
680,7,36099,5
681,7,37284,4
682,7,37690,4
683,7,38798,3
684,7,38865,5
685,7,39423,3
686,7,40126,4
687,7,42508,3
688,7,42810,4
689,7,43622,2
690,7,45269,4
691,7,45493,5
692,7,46139,5
693,7,48482,3
694,7,48559,5
695,7,51460,4
696,7,51480,1
697,7,51838,5
698,7,52036,5
699,7,53292,5
700,8,588,3
701,8,1952,4
702,8,2276,4
703,8,2324,5
704,8,2900,3
705,8,3022,1
706,8,3922,1
707,8,4606,2
708,8,5461,4
709,8,6342,5
710,8,6630,4
711,8,7001,5
712,8,9246,4
713,8,9771,5
714,8,10140,3
715,8,10246,5
716,8,11285,3
717,8,11691,5
718,8,11868,2
719,8,11945,5
720,8,12381,3
721,8,12874,4
722,8,12946,4
723,8,13034,4
724,8,13776,4
725,8,13794,2
726,8,13991,4
727,8,14192,4
728,8,14207,4
729,8,14546,2
730,8,14603,5
731,8,17228,4
732,8,17434,5
733,8,17643,1
734,8,18313,1
735,8,19526,4
736,8,19724,3
737,8,19729,5
738,8,20076,4
739,8,20406,2
740,8,20782,4
741,8,20848,5
742,8,21217,4
743,8,21228,4
744,8,21487,3
745,8,21676,3
746,8,21733,2
747,8,22602,3
748,8,23576,5
749,8,24326,5
750,8,24499,3
751,8,25164,4
752,8,25182,5
753,8,25840,2
754,8,26145,3
755,8,26579,3
756,8,26661,5
757,8,27499,3
758,8,27834,4
759,8,28158,3
760,8,28767,2
761,8,30681,4
762,8,30944,3
763,8,32338,3
764,8,32592,4
765,8,32745,4
766,8,32748,5
767,8,32923,5
768,8,33065,3
769,8,33716,4
770,8,33872,4
771,8,36099,4
772,8,36695,4
773,8,37284,5
774,8,37834,4
775,8,38798,4
776,8,39423,3
777,8,42404,2
778,8,42574,4
779,8,42810,3
780,8,43985,3
781,8,45269,5
782,8,45554,5
783,8,46139,3
784,8,46482,5
785,8,47730,5
786,8,47800,5
787,8,48559,4
788,8,48687,5
789,8,49288,5
790,8,49289,5
791,8,49295,5
792,8,49297,5
793,8,50096,5
794,8,50101,5
795,8,50102,5
796,8,50104,5
797,8,50133,5
798,8,51838,4
799,8,53292,5
800,9,439,3
801,9,588,3
802,9,951,1
803,9,3087,3
804,9,3922,3
805,9,4536,3
806,9,5115,3
807,9,5436,4
808,9,5461,4
809,9,6063,3
810,9,6630,4
811,9,7001,4
812,9,7563,1
813,9,8484,5
814,9,9246,4
815,9,9731,3
816,9,10140,2
817,9,10509,5
818,9,10610,3
819,9,10944,4
820,9,11408,1
821,9,11445,4
822,9,11691,3
823,9,11692,3
824,9,11854,1
825,9,11945,4
826,9,11999,3
827,9,12466,1
828,9,12874,5
829,9,13034,5
830,9,13544,3
831,9,13794,2
832,9,13991,4
833,9,14248,3
834,9,14372,2
835,9,14936,4
836,9,15494,3
837,9,15604,4
838,9,16177,2
839,9,17566,4
840,9,17643,3
841,9,17984,4
842,9,18031,3
843,9,18313,5
844,9,18798,2
845,9,18857,3
846,9,19526,3
847,9,19724,4
848,9,21217,4
849,9,21228,5
850,9,21487,3
851,9,22164,3
852,9,23576,2
853,9,23612,3
854,9,24389,4
855,9,24499,2
856,9,24834,5
857,9,24845,4
858,9,25164,3
859,9,25214,3
860,9,26053,2
861,9,26398,5
862,9,26661,3
863,9,27834,4
864,9,28767,3
865,9,31001,3
866,9,32055,5
867,9,32592,3
868,9,32748,5
869,9,32918,5
870,9,32923,3
871,9,33697,2
872,9,33716,3
873,9,36099,4
874,9,36695,4
875,9,37284,4
876,9,37834,3
877,9,38080,1
878,9,38082,5
879,9,38798,3
880,9,38865,3
881,9,41074,3
882,9,42508,3
883,9,43602,4
884,9,43622,3
885,9,43985,3
886,9,44243,4
887,9,44397,5
888,9,46139,5
889,9,46977,2
890,9,47730,5
891,9,48482,3
892,9,49298,2
893,9,50104,5
894,9,50342,3
895,9,51166,4
896,9,51460,4
897,9,51480,1
898,9,51838,4
899,9,53293,5
900,10,3662,4
901,10,3922,5
902,10,4536,2
903,10,5115,4
904,10,5272,3
905,10,5461,3
906,10,6063,1
907,10,6630,3
908,10,7001,4
909,10,8167,3
910,10,9246,2
911,10,9731,3
912,10,10111,5
913,10,10249,4
914,10,10509,2
915,10,10610,5
916,10,10944,4
917,10,11285,5
918,10,11692,5
919,10,11854,4
920,10,11868,5
921,10,11927,5
922,10,12381,5
923,10,12455,3
924,10,12471,5
925,10,12874,4
926,10,12946,5
927,10,13034,5
928,10,13282,5
929,10,13776,4
930,10,13794,4
931,10,13991,4
932,10,14192,4
933,10,14248,5
934,10,15547,3
935,10,15604,3
936,10,17228,5
937,10,17434,4
938,10,17643,1
939,10,17663,4
940,10,17984,5
941,10,18313,5
942,10,19526,4
943,10,19724,5
944,10,19942,5
945,10,20076,3
946,10,20406,4
947,10,20967,4
948,10,21217,3
949,10,21228,4
950,10,21487,5
951,10,21676,5
952,10,21733,4
953,10,22164,5
954,10,23576,4
955,10,23612,4
956,10,24326,5
957,10,24499,4
958,10,25164,4
959,10,25182,5
960,10,25840,5
961,10,26145,4
962,10,26661,4
963,10,26718,5
964,10,27834,5
965,10,27934,5
966,10,28767,5
967,10,28824,4
968,10,29703,4
969,10,30283,4
970,10,30681,4
971,10,32338,3
972,10,32635,4
973,10,32748,4
974,10,33065,5
975,10,36099,5
976,10,39423,3
977,10,41074,3
978,10,42404,5
979,10,42574,4
980,10,44397,5
981,10,46482,5
982,10,47411,2
983,10,47730,5
984,10,47800,5
985,10,48559,4
986,10,48687,5
987,10,49288,5
988,10,49289,5
989,10,49295,5
990,10,49297,5
991,10,50096,5
992,10,50101,5
993,10,50102,5
994,10,50133,5
995,10,50999,5
996,10,51166,3
997,10,51838,4
998,10,52036,4
999,10,53292,5
1000,11,439,4
1001,11,588,4
1002,11,1169,4
1003,11,1952,5
1004,11,2077,3
1005,11,4536,4
1006,11,5115,4
1007,11,5436,4
1008,11,5461,4
1009,11,5645,4
1010,11,6063,4
1011,11,6342,5
1012,11,6630,4
1013,11,7001,5
1014,11,8484,5
1015,11,9246,5
1016,11,9771,5
1017,11,10111,5
1018,11,10140,4
1019,11,10246,3
1020,11,10610,5
1021,11,10727,5
1022,11,10944,4
1023,11,11599,3
1024,11,11692,4
1025,11,11927,2
1026,11,11945,5
1027,11,12381,4
1028,11,12466,3
1029,11,12874,5
1030,11,12946,5
1031,11,13282,3
1032,11,13794,5
1033,11,13991,5
1034,11,14207,4
1035,11,14248,4
1036,11,14546,5
1037,11,16569,4
1038,11,16913,4
1039,11,17663,5
1040,11,17984,4
1041,11,18031,4
1042,11,18361,4
1043,11,18857,5
1044,11,19526,4
1045,11,19729,4
1046,11,20467,4
1047,11,20848,5
1048,11,20967,3
1049,11,21217,3
1050,11,21733,2
1051,11,22602,5
1052,11,23576,4
1053,11,23612,4
1054,11,24326,3
1055,11,24499,5
1056,11,24834,5
1057,11,26244,4
1058,11,26398,4
1059,11,26579,4
1060,11,26661,5
1061,11,28767,3
1062,11,28824,1
1063,11,29703,5
1064,11,30233,5
1065,11,30313,4
1066,11,30601,5
1067,11,32592,4
1068,11,32748,4
1069,11,32923,5
1070,11,33065,2
1071,11,33716,5
1072,11,33872,5
1073,11,36240,5
1074,11,36695,3
1075,11,37284,4
1076,11,38080,5
1077,11,38082,5
1078,11,38798,3
1079,11,42404,4
1080,11,43622,4
1081,11,43985,4
1082,11,45269,4
1083,11,46139,5
1084,11,47746,3
1085,11,47800,5
1086,11,48559,5
1087,11,48687,5
1088,11,49288,5
1089,11,49289,5
1090,11,49295,5
1091,11,49297,5
1092,11,49298,5
1093,11,50096,5
1094,11,50101,5
1095,11,50104,5
1096,11,50133,5
1097,11,51166,5
1098,11,51480,3
1099,11,51762,5
1100,12,314,4
1101,12,725,4
1102,12,1136,4
1103,12,2077,3
1104,12,2171,5
1105,12,3114,4
1106,12,3662,4
1107,12,5379,4
1108,12,7563,2
1109,12,8440,2
1110,12,8669,4
1111,12,9722,4
1112,12,11599,3
1113,12,11691,3
1114,12,11927,3
1115,12,12476,2
1116,12,13000,4
1117,12,13274,4
1118,12,13282,5
1119,12,13826,4
1120,12,14222,4
1121,12,14285,3
1122,12,15054,3
1123,12,15494,3
1124,12,16569,4
1125,12,16587,3
1126,12,16913,5
1127,12,17242,4
1128,12,17984,5
1129,12,18199,3
1130,12,18316,5
1131,12,18798,2
1132,12,18957,4
1133,12,19171,5
1134,12,19724,4
1135,12,20782,4
1136,12,20991,4
1137,12,21217,3
1138,12,21228,5
1139,12,21713,5
1140,12,24326,3
1141,12,24499,4
1142,12,24582,3
1143,12,26398,4
1144,12,26750,4
1145,12,28158,3
1146,12,28831,4
1147,12,29031,3
1148,12,29123,2
1149,12,29644,5
1150,12,30283,5
1151,12,31305,2
1152,12,31760,3
1153,12,32058,4
1154,12,32419,3
1155,12,32635,3
1156,12,32748,3
1157,12,33147,4
1158,12,33207,3
1159,12,33872,5
1160,12,34531,4
1161,12,34688,3
1162,12,35259,4
1163,12,35982,3
1164,12,36031,4
1165,12,36695,3
1166,12,37041,4
1167,12,37153,4
1168,12,37834,4
1169,12,38082,5
1170,12,40251,4
1171,12,40251,4
1172,12,40490,3
1173,12,40566,5
1174,12,43985,3
1175,12,45493,5
1176,12,48291,4
1177,12,48297,2
1178,12,48482,3
1179,12,48687,5
1180,12,49288,5
1181,12,49289,5
1182,12,49295,5
1183,12,49297,5
1184,12,49830,5
1185,12,50101,5
1186,12,50102,5
1187,12,50104,5
1188,12,50133,5
1189,12,50610,2
1190,12,51065,3
1191,12,51166,4
1192,12,51762,5
1193,12,51838,4
1194,12,52007,1
1195,12,52036,1
1196,12,52469,5
1197,12,52583,5
1198,12,53145,5
1199,12,53245,3
1200,13,1169,3
1201,13,2324,5
1202,13,3022,2
1203,13,3662,5
1204,13,3922,5
1205,13,5115,4
1206,13,6063,4
1207,13,6342,5
1208,13,7001,3
1209,13,8167,4
1210,13,8370,4
1211,13,8484,3
1212,13,8510,3
1213,13,9246,3
1214,13,9731,3
1215,13,10249,3
1216,13,10288,3
1217,13,10509,5
1218,13,10610,5
1219,13,10944,4
1220,13,11285,3
1221,13,11408,3
1222,13,11691,5
1223,13,11692,5
1224,13,11868,5
1225,13,11927,4
1226,13,11945,4
1227,13,12381,5
1228,13,12471,4
1229,13,12874,4
1230,13,12946,5
1231,13,13282,5
1232,13,13776,4
1233,13,13794,3
1234,13,14546,5
1235,13,14603,5
1236,13,15604,5
1237,13,16569,3
1238,13,17434,3
1239,13,17643,5
1240,13,19526,5
1241,13,19724,5
1242,13,19942,2
1243,13,20406,5
1244,13,20782,3
1245,13,21217,4
1246,13,21228,4
1247,13,21676,5
1248,13,21733,5
1249,13,23612,5
1250,13,25164,4
1251,13,25840,2
1252,13,26145,3
1253,13,26629,5
1254,13,26718,5
1255,13,27834,4
1256,13,27934,5
1257,13,29819,4
1258,13,30313,4
1259,13,30794,4
1260,13,32338,4
1261,13,32635,4
1262,13,32745,4
1263,13,32748,5
1264,13,32918,4
1265,13,33065,4
1266,13,33697,5
1267,13,33716,4
1268,13,36099,5
1269,13,36695,4
1270,13,37284,5
1271,13,37834,4
1272,13,38865,2
1273,13,42508,4
1274,13,42574,4
1275,13,43622,4
1276,13,43985,4
1277,13,44397,5
1278,13,45269,5
1279,13,45493,4
1280,13,45554,4
1281,13,46482,5
1282,13,47411,3
1283,13,47800,5
1284,13,48482,5
1285,13,48559,4
1286,13,48687,5
1287,13,49288,5
1288,13,49289,5
1289,13,49295,5
1290,13,49297,5
1291,13,49298,2
1292,13,50096,5
1293,13,50101,5
1294,13,50104,5
1295,13,50133,5
1296,13,50999,3
1297,13,51480,2
1298,13,51838,4
1299,13,52036,5
1300,14,951,5
1301,14,1169,3
1302,14,1952,5
1303,14,2324,5
1304,14,3087,3
1305,14,3739,4
1306,14,4536,5
1307,14,5115,3
1308,14,5461,4
1309,14,5645,5
1310,14,6063,4
1311,14,6342,5
1312,14,7001,3
1313,14,8167,4
1314,14,8178,5
1315,14,8370,3
1316,14,8484,3
1317,14,8510,3
1318,14,9246,3
1319,14,10111,4
1320,14,10402,4
1321,14,10944,4
1322,14,11285,3
1323,14,11692,5
1324,14,11927,3
1325,14,11945,4
1326,14,12381,4
1327,14,12874,4
1328,14,12946,5
1329,14,13794,3
1330,14,14546,5
1331,14,14603,4
1332,14,15604,4
1333,14,16569,3
1334,14,17434,4
1335,14,17643,5
1336,14,18313,1
1337,14,19526,5
1338,14,19724,4
1339,14,20406,4
1340,14,20782,4
1341,14,21228,4
1342,14,21676,5
1343,14,21733,3
1344,14,22164,2
1345,14,22602,3
1346,14,23576,2
1347,14,24326,3
1348,14,24834,5
1349,14,25182,4
1350,14,25840,3
1351,14,26145,3
1352,14,26629,4
1353,14,27499,2
1354,14,27834,5
1355,14,27934,4
1356,14,28767,1
1357,14,28824,3
1358,14,29123,5
1359,14,29819,3
1360,14,30313,4
1361,14,30681,1
1362,14,32305,5
1363,14,32635,3
1364,14,32745,4
1365,14,32748,5
1366,14,33065,4
1367,14,33697,5
1368,14,33716,3
1369,14,36099,4
1370,14,37284,3
1371,14,37834,4
1372,14,38865,2
1373,14,41074,4
1374,14,42404,3
1375,14,42574,2
1376,14,42810,4
1377,14,43622,4
1378,14,44397,5
1379,14,45269,4
1380,14,45493,4
1381,14,46421,5
1382,14,46482,5
1383,14,46977,4
1384,14,47411,4
1385,14,47800,5
1386,14,48559,3
1387,14,48687,5
1388,14,49288,5
1389,14,49289,5
1390,14,49295,5
1391,14,49297,5
1392,14,49298,3
1393,14,50096,5
1394,14,50101,5
1395,14,50133,5
1396,14,51460,3
1397,14,51480,3
1398,14,51838,4
1399,14,53292,5
1400,15,588,4
1401,15,1169,4
1402,15,2171,4
1403,15,2324,5
1404,15,2487,4
1405,15,2900,4
1406,15,3087,5
1407,15,3662,4
1408,15,3739,4
1409,15,3922,3
1410,15,5272,5
1411,15,5461,5
1412,15,5645,5
1413,15,5885,4
1414,15,6063,3
1415,15,6698,4
1416,15,7001,4
1417,15,9731,4
1418,15,10140,3
1419,15,10610,3
1420,15,11285,3
1421,15,11408,3
1422,15,11569,4
1423,15,11691,4
1424,15,11692,5
1425,15,11927,2
1426,15,12381,5
1427,15,12874,4
1428,15,12946,4
1429,15,13034,4
1430,15,13274,5
1431,15,13282,5
1432,15,13544,4
1433,15,13776,5
1434,15,13794,5
1435,15,13991,5
1436,15,14192,4
1437,15,14546,5
1438,15,14603,5
1439,15,15604,3
1440,15,16569,4
1441,15,16913,5
1442,15,17228,5
1443,15,17434,4
1444,15,17566,4
1445,15,17984,4
1446,15,18031,5
1447,15,18361,5
1448,15,18798,3
1449,15,19724,5
1450,15,19729,4
1451,15,19942,4
1452,15,21676,5
1453,15,22164,4
1454,15,22602,4
1455,15,23303,4
1456,15,23576,5
1457,15,23612,5
1458,15,24326,5
1459,15,24499,3
1460,15,25164,4
1461,15,25182,3
1462,15,25840,5
1463,15,26629,4
1464,15,27499,4
1465,15,28767,3
1466,15,30233,4
1467,15,30313,4
1468,15,30681,4
1469,15,32338,4
1470,15,32745,4
1471,15,32748,4
1472,15,32923,5
1473,15,33065,5
1474,15,33697,5
1475,15,33716,4
1476,15,36099,5
1477,15,36695,4
1478,15,37284,3
1479,15,37834,5
1480,15,38082,5
1481,15,38475,4
1482,15,42508,4
1483,15,42810,3
1484,15,43622,3
1485,15,44397,5
1486,15,45493,3
1487,15,45554,5
1488,15,47800,5
1489,15,48440,4
1490,15,48559,5
1491,15,48687,5
1492,15,49298,4
1493,15,50096,5
1494,15,50101,5
1495,15,50104,5
1496,15,50133,5
1497,15,51460,5
1498,15,51480,3
1499,15,53292,5
1500,16,1185,3
1501,16,2487,5
1502,16,2900,5
1503,16,3087,2
1504,16,3662,5
1505,16,3922,5
1506,16,5115,4
1507,16,5461,4
1508,16,5645,4
1509,16,5885,5
1510,16,6063,4
1511,16,6342,4
1512,16,6630,5
1513,16,8370,5
1514,16,8510,5
1515,16,9806,5
1516,16,10111,4
1517,16,10402,3
1518,16,10509,5
1519,16,10610,3
1520,16,10944,4
1521,16,11272,3
1522,16,11691,4
1523,16,11692,4
1524,16,11927,5
1525,16,11945,5
1526,16,11999,3
1527,16,12471,4
1528,16,12946,5
1529,16,13407,5
1530,16,13794,3
1531,16,13991,3
1532,16,14372,5
1533,16,16913,1
1534,16,17643,5
1535,16,17663,4
1536,16,18031,3
1537,16,18361,3
1538,16,18798,3
1539,16,19526,5
1540,16,19724,4
1541,16,21217,5
1542,16,21228,5
1543,16,21487,4
1544,16,21676,4
1545,16,23576,4
1546,16,23612,4
1547,16,24143,4
1548,16,24326,4
1549,16,24499,3
1550,16,24834,4
1551,16,24845,5
1552,16,25164,4
1553,16,26579,4
1554,16,27834,5
1555,16,28158,4
1556,16,28767,4
1557,16,28824,4
1558,16,29703,3
1559,16,29951,2
1560,16,30233,1
1561,16,30313,5
1562,16,32055,3
1563,16,32305,1
1564,16,32745,4
1565,16,32748,3
1566,16,32923,4
1567,16,33065,4
1568,16,33872,3
1569,16,36099,5
1570,16,37284,4
1571,16,37834,5
1572,16,38082,5
1573,16,38798,3
1574,16,42404,5
1575,16,43622,2
1576,16,43985,1
1577,16,44397,5
1578,16,45269,4
1579,16,45554,4
1580,16,46139,5
1581,16,46482,5
1582,16,46977,2
1583,16,47476,2
1584,16,47730,5
1585,16,47800,4
1586,16,48482,3
1587,16,48687,5
1588,16,49288,5
1589,16,49289,5
1590,16,49295,5
1591,16,49297,5
1592,16,50096,5
1593,16,50101,5
1594,16,50104,5
1595,16,50133,5
1596,16,51166,4
1597,16,51460,4
1598,16,51838,4
1599,16,52036,2
1600,17,314,4
1601,17,439,5
1602,17,1136,3
1603,17,1169,3
1604,17,1185,4
1605,17,2077,5
1606,17,2171,5
1607,17,3114,5
1608,17,3662,4
1609,17,3922,5
1610,17,5379,4
1611,17,5885,5
1612,17,6252,3
1613,17,6630,5
1614,17,7563,2
1615,17,8454,4
1616,17,9722,4
1617,17,10140,4
1618,17,10146,4
1619,17,10246,4
1620,17,10335,4
1621,17,10610,5
1622,17,10944,5
1623,17,11239,4
1624,17,11599,5
1625,17,11691,4
1626,17,11854,3
1627,17,12471,4
1628,17,12476,1
1629,17,13274,5
1630,17,13282,5
1631,17,13360,4
1632,17,13544,5
1633,17,14222,3
1634,17,14936,4
1635,17,15494,4
1636,17,16569,3
1637,17,16913,4
1638,17,17663,5
1639,17,17984,4
1640,17,18031,3
1641,17,18313,5
1642,17,18361,4
1643,17,18798,3
1644,17,19171,5
1645,17,19724,5
1646,17,19729,4
1647,17,19984,5
1648,17,20076,3
1649,17,20848,4
1650,17,21228,5
1651,17,21713,4
1652,17,22534,3
1653,17,22602,4
1654,17,23612,4
1655,17,24499,4
1656,17,24582,4
1657,17,24845,5
1658,17,25164,3
1659,17,26053,4
1660,17,26145,4
1661,17,26629,4
1662,17,26718,5
1663,17,27612,5
1664,17,28158,4
1665,17,28824,3
1666,17,29031,5
1667,17,29689,3
1668,17,30833,5
1669,17,30944,5
1670,17,31001,3
1671,17,32592,4
1672,17,32635,5
1673,17,33065,4
1674,17,33147,2
1675,17,33697,4
1676,17,33864,3
1677,17,36099,5
1678,17,37284,5
1679,17,37834,5
1680,17,40126,5
1681,17,41074,3
1682,17,41240,2
1683,17,41318,4
1684,17,43602,4
1685,17,44397,5
1686,17,45269,4
1687,17,47476,3
1688,17,47800,5
1689,17,48297,2
1690,17,48482,3
1691,17,49298,3
1692,17,50342,2
1693,17,51065,4
1694,17,51166,3
1695,17,51460,3
1696,17,51762,3
1697,17,51838,5
1698,17,52036,2
1699,17,52583,5
1700,18,439,4
1701,18,588,5
1702,18,1169,3
1703,18,2077,3
1704,18,2900,4
1705,18,3022,4
1706,18,3922,5
1707,18,5436,5
1708,18,6063,1
1709,18,6634,3
1710,18,8167,4
1711,18,9011,4
1712,18,9722,4
1713,18,9731,4
1714,18,9771,5
1715,18,10111,5
1716,18,10140,3
1717,18,10246,3
1718,18,10249,5
1719,18,10288,5
1720,18,10509,2
1721,18,10751,5
1722,18,10944,4
1723,18,11285,4
1724,18,11408,4
1725,18,11599,5
1726,18,11854,4
1727,18,11868,5
1728,18,11927,5
1729,18,11999,3
1730,18,12471,5
1731,18,12476,5
1732,18,12874,4
1733,18,12946,4
1734,18,13544,5
1735,18,14546,5
1736,18,14603,4
1737,18,14936,4
1738,18,15318,3
1739,18,15604,3
1740,18,15889,5
1741,18,16569,4
1742,18,16913,3
1743,18,17566,4
1744,18,17643,2
1745,18,17984,5
1746,18,18031,5
1747,18,18100,5
1748,18,18313,5
1749,18,18361,4
1750,18,19724,5
1751,18,19729,4
1752,18,19942,4
1753,18,20076,3
1754,18,21228,4
1755,18,21676,5
1756,18,21713,4
1757,18,23612,5
1758,18,24499,3
1759,18,24845,5
1760,18,25164,4
1761,18,25278,4
1762,18,26145,3
1763,18,26629,4
1764,18,26718,4
1765,18,28158,5
1766,18,30283,5
1767,18,30313,5
1768,18,30601,4
1769,18,30944,4
1770,18,31001,5
1771,18,32055,4
1772,18,32305,5
1773,18,32592,4
1774,18,32635,4
1775,18,32918,5
1776,18,33065,5
1777,18,33697,4
1778,18,33864,4
1779,18,36099,5
1780,18,37746,3
1781,18,40126,5
1782,18,41074,4
1783,18,41318,5
1784,18,45269,4
1785,18,45554,4
1786,18,46421,5
1787,18,47476,3
1788,18,47800,5
1789,18,48482,4
1790,18,48559,4
1791,18,48687,1
1792,18,49298,5
1793,18,50342,5
1794,18,51065,5
1795,18,51460,4
1796,18,51762,5
1797,18,51838,5
1798,18,52036,2
1799,18,53292,5
1800,19,588,4
1801,19,951,5
1802,19,1169,3
1803,19,1185,3
1804,19,3022,4
1805,19,3739,5
1806,19,3922,5
1807,19,4536,4
1808,19,5115,5
1809,19,5436,5
1810,19,5461,5
1811,19,5885,4
1812,19,6063,5
1813,19,6342,5
1814,19,6630,5
1815,19,7001,4
1816,19,8167,4
1817,19,8484,5
1818,19,9246,2
1819,19,10140,3
1820,19,10246,4
1821,19,10249,4
1822,19,10509,2
1823,19,10610,3
1824,19,10944,5
1825,19,11285,2
1826,19,11408,2
1827,19,11445,5
1828,19,11868,1
1829,19,11927,5
1830,19,12381,5
1831,19,12946,5
1832,19,13034,4
1833,19,13282,1
1834,19,13794,2
1835,19,14248,4
1836,19,14546,5
1837,19,15604,3
1838,19,16569,5
1839,19,17643,5
1840,19,18313,1
1841,19,18361,5
1842,19,18798,2
1843,19,19526,5
1844,19,20406,5
1845,19,21217,4
1846,19,21228,5
1847,19,21487,5
1848,19,22164,4
1849,19,23576,2
1850,19,24499,4
1851,19,24834,5
1852,19,25182,5
1853,19,25278,5
1854,19,26145,4
1855,19,26629,4
1856,19,27499,5
1857,19,27934,5
1858,19,28158,5
1859,19,28767,2
1860,19,29819,1
1861,19,30794,4
1862,19,30944,5
1863,19,32055,3
1864,19,32305,5
1865,19,32635,3
1866,19,32748,5
1867,19,33697,5
1868,19,34688,4
1869,19,36099,5
1870,19,36695,5
1871,19,37284,4
1872,19,37834,4
1873,19,38082,5
1874,19,38865,5
1875,19,39423,4
1876,19,42508,4
1877,19,42810,5
1878,19,43602,4
1879,19,45269,4
1880,19,45493,5
1881,19,45554,3
1882,19,46139,5
1883,19,46421,5
1884,19,48482,3
1885,19,48559,3
1886,19,49288,5
1887,19,49289,5
1888,19,49295,5
1889,19,49297,5
1890,19,49298,5
1891,19,50096,5
1892,19,50101,5
1893,19,50102,5
1894,19,50133,5
1895,19,51166,4
1896,19,51460,4
1897,19,51838,4
1898,19,52036,5
1899,19,53292,5
1900,20,314,4
1901,20,439,5
1902,20,588,3
1903,20,1088,4
1904,20,1169,2
1905,20,1185,3
1906,20,2077,4
1907,20,2171,5
1908,20,3114,4
1909,20,3922,5
1910,20,5379,4
1911,20,5885,4
1912,20,6252,3
1913,20,6630,5
1914,20,7563,2
1915,20,8454,1
1916,20,8669,4
1917,20,9722,4
1918,20,10246,4
1919,20,10288,2
1920,20,10335,4
1921,20,10610,4
1922,20,11239,4
1923,20,11599,5
1924,20,11691,3
1925,20,11854,3
1926,20,11927,4
1927,20,11945,2
1928,20,12471,3
1929,20,12476,2
1930,20,13282,5
1931,20,13544,4
1932,20,14222,3
1933,20,14936,3
1934,20,16377,5
1935,20,16569,3
1936,20,16913,4
1937,20,17663,3
1938,20,17984,3
1939,20,18031,3
1940,20,18313,5
1941,20,18361,4
1942,20,18798,3
1943,20,19171,5
1944,20,19724,5
1945,20,19729,3
1946,20,19984,5
1947,20,20848,3
1948,20,21228,5
1949,20,21713,4
1950,20,22534,3
1951,20,23612,4
1952,20,24499,3
1953,20,24582,4
1954,20,24845,3
1955,20,25164,2
1956,20,26145,3
1957,20,26629,3
1958,20,26718,5
1959,20,27612,5
1960,20,28158,4
1961,20,28824,3
1962,20,28831,5
1963,20,29031,5
1964,20,29689,3
1965,20,30184,5
1966,20,30833,5
1967,20,30944,5
1968,20,31001,2
1969,20,32592,4
1970,20,32635,5
1971,20,32923,4
1972,20,33065,4
1973,20,33147,1
1974,20,33697,4
1975,20,33864,3
1976,20,36099,5
1977,20,36695,2
1978,20,37284,5
1979,20,37834,5
1980,20,38475,4
1981,20,41074,3
1982,20,41240,2
1983,20,41318,5
1984,20,43602,3
1985,20,44397,5
1986,20,45269,4
1987,20,47476,4
1988,20,47730,5
1989,20,47800,5
1990,20,48297,2
1991,20,48440,4
1992,20,48482,3
1993,20,48687,5
1994,20,49298,3
1995,20,50342,2
1996,20,51065,4
1997,20,51838,5
1998,20,52036,2
1999,20,52583,3
2000,21,588,4
2001,21,2077,3
2002,21,2900,5
2003,21,3022,4
2004,21,3922,5
2005,21,5436,5
2006,21,7001,5
2007,21,8167,4
2008,21,9011,4
2009,21,9731,4
2010,21,9771,4
2011,21,10111,4
2012,21,10140,3
2013,21,10249,5
2014,21,10509,2
2015,21,10751,5
2016,21,10944,4
2017,21,11285,4
2018,21,11408,4
2019,21,11599,5
2020,21,11854,4
2021,21,11868,5
2022,21,11927,5
2023,21,11999,3
2024,21,12466,3
2025,21,12471,5
2026,21,12476,5
2027,21,12874,4
2028,21,12946,4
2029,21,13282,5
2030,21,13544,5
2031,21,14222,3
2032,21,14546,5
2033,21,14936,4
2034,21,15318,3
2035,21,15604,4
2036,21,15889,3
2037,21,16377,5
2038,21,16913,3
2039,21,17566,4
2040,21,17984,5
2041,21,18031,5
2042,21,18100,4
2043,21,18313,5
2044,21,18361,4
2045,21,18798,4
2046,21,19724,5
2047,21,19729,4
2048,21,19942,5
2049,21,20076,4
2050,21,21228,5
2051,21,21676,5
2052,21,21713,4
2053,21,23612,5
2054,21,24499,4
2055,21,24582,5
2056,21,24845,5
2057,21,25164,3
2058,21,26145,3
2059,21,26629,4
2060,21,26718,4
2061,21,27934,2
2062,21,28158,4
2063,21,29703,4
2064,21,29819,4
2065,21,30283,5
2066,21,30313,5
2067,21,30601,4
2068,21,30944,3
2069,21,31001,5
2070,21,32305,4
2071,21,32592,4
2072,21,32635,5
2073,21,32918,5
2074,21,33065,5
2075,21,33147,5
2076,21,33697,4
2077,21,33864,4
2078,21,36099,5
2079,21,37690,4
2080,21,37746,3
2081,21,40126,5
2082,21,40468,4
2083,21,41074,4
2084,21,41318,5
2085,21,43602,3
2086,21,45269,4
2087,21,46977,2
2088,21,47476,4
2089,21,48297,4
2090,21,48482,4
2091,21,48559,4
2092,21,48687,1
2093,21,49298,5
2094,21,50342,5
2095,21,51065,5
2096,21,51762,5
2097,21,51838,4
2098,21,52036,2
2099,21,52583,5
2100,22,314,3
2101,22,439,3
2102,22,588,3
2103,22,2900,4
2104,22,3087,4
2105,22,3922,4
2106,22,4536,5
2107,22,5115,4
2108,22,5272,5
2109,22,5461,4
2110,22,5885,4
2111,22,6063,4
2112,22,6342,4
2113,22,6630,2
2114,22,6698,2
2115,22,7001,4
2116,22,7563,3
2117,22,8370,3
2118,22,9246,4
2119,22,9731,5
2120,22,10111,1
2121,22,10751,3
2122,22,11239,3
2123,22,11285,3
2124,22,11445,4
2125,22,11691,3
2126,22,11692,4
2127,22,11927,2
2128,22,11945,4
2129,22,12381,3
2130,22,12874,5
2131,22,12946,3
2132,22,13282,3
2133,22,13794,1
2134,22,13991,5
2135,22,14248,3
2136,22,14546,5
2137,22,14603,4
2138,22,16377,5
2139,22,16569,4
2140,22,17566,4
2141,22,17663,4
2142,22,17984,4
2143,22,18031,3
2144,22,18313,4
2145,22,18361,4
2146,22,18798,3
2147,22,19724,5
2148,22,19729,4
2149,22,19984,5
2150,22,20076,3
2151,22,20406,5
2152,22,20467,3
2153,22,20782,4
2154,22,20848,4
2155,22,21217,4
2156,22,21228,4
2157,22,22602,3
2158,22,23303,2
2159,22,23576,3
2160,22,23612,1
2161,22,24326,3
2162,22,24834,5
2163,22,24845,2
2164,22,25164,4
2165,22,25182,5
2166,22,25840,5
2167,22,26244,5
2168,22,26629,4
2169,22,26661,4
2170,22,27834,4
2171,22,28767,4
2172,22,28824,3
2173,22,29703,3
2174,22,29951,2
2175,22,30681,4
2176,22,32055,4
2177,22,32305,2
2178,22,32592,3
2179,22,32748,4
2180,22,32923,4
2181,22,33716,4
2182,22,33872,5
2183,22,36099,5
2184,22,36240,5
2185,22,38080,3
2186,22,42404,5
2187,22,42508,4
2188,22,42574,3
2189,22,42810,3
2190,22,43622,4
2191,22,43985,4
2192,22,45554,4
2193,22,47730,5
2194,22,48687,5
2195,22,51166,4
2196,22,51460,4
2197,22,51762,5
2198,22,51838,4
2199,22,53292,5
2200,23,439,2
2201,23,588,3
2202,23,1169,3
2203,23,2900,4
2204,23,3022,4
2205,23,3739,3
2206,23,3922,5
2207,23,5436,5
2208,23,7001,5
2209,23,8167,2
2210,23,8710,3
2211,23,9011,4
2212,23,9244,3
2213,23,9722,4
2214,23,9731,4
2215,23,9771,5
2216,23,10111,5
2217,23,10140,3
2218,23,10246,3
2219,23,10249,5
2220,23,10288,5
2221,23,10509,2
2222,23,10751,3
2223,23,10944,4
2224,23,11239,5
2225,23,11285,4
2226,23,11408,4
2227,23,11445,5
2228,23,11599,5
2229,23,11691,4
2230,23,11692,3
2231,23,11854,4
2232,23,11868,5
2233,23,11927,3
2234,23,11999,3
2235,23,12466,4
2236,23,12471,5
2237,23,12476,4
2238,23,12874,4
2239,23,12946,4
2240,23,13544,5
2241,23,14546,5
2242,23,14603,4
2243,23,14936,4
2244,23,15604,4
2245,23,15889,3
2246,23,16377,5
2247,23,16913,2
2248,23,17566,3
2249,23,17643,2
2250,23,17984,5
2251,23,18031,5
2252,23,18100,4
2253,23,18313,5
2254,23,18361,4
2255,23,18798,4
2256,23,19724,5
2257,23,19729,4
2258,23,19942,4
2259,23,20076,3
2260,23,21228,3
2261,23,21676,5
2262,23,21713,4
2263,23,23612,5
2264,23,24499,2
2265,23,24845,5
2266,23,25164,3
2267,23,26145,3
2268,23,26629,4
2269,23,26718,4
2270,23,28824,4
2271,23,29819,4
2272,23,30283,5
2273,23,30944,5
2274,23,31001,5
2275,23,32305,5
2276,23,32592,4
2277,23,32635,4
2278,23,32918,5
2279,23,33065,5
2280,23,33697,3
2281,23,36099,5
2282,23,37746,3
2283,23,40126,5
2284,23,41074,4
2285,23,41318,5
2286,23,43602,3
2287,23,45269,3
2288,23,46421,5
2289,23,47476,4
2290,23,47800,5
2291,23,48482,4
2292,23,48559,3
2293,23,48687,1
2294,23,49298,5
2295,23,51065,5
2296,23,51460,4
2297,23,51762,4
2298,23,51838,4
2299,23,52036,2
2300,24,588,4
2301,24,1169,3
2302,24,2900,5
2303,24,3022,4
2304,24,3922,5
2305,24,5436,5
2306,24,6634,3
2307,24,8167,4
2308,24,8710,3
2309,24,9011,3
2310,24,9244,4
2311,24,9731,4
2312,24,9771,4
2313,24,10111,4
2314,24,10140,3
2315,24,10249,5
2316,24,10288,5
2317,24,10509,2
2318,24,10751,5
2319,24,10944,4
2320,24,11285,4
2321,24,11408,4
2322,24,11599,5
2323,24,11854,4
2324,24,11868,5
2325,24,11927,5
2326,24,11999,3
2327,24,12466,3
2328,24,12471,5
2329,24,12476,4
2330,24,12874,4
2331,24,12946,4
2332,24,13544,5
2333,24,14372,3
2334,24,14546,5
2335,24,14603,4
2336,24,14936,4
2337,24,15318,3
2338,24,15604,4
2339,24,16569,4
2340,24,16913,4
2341,24,17566,4
2342,24,17984,5
2343,24,18031,5
2344,24,18100,4
2345,24,18313,5
2346,24,18361,4
2347,24,19724,5
2348,24,19729,4
2349,24,19942,4
2350,24,20076,4
2351,24,21228,5
2352,24,21676,5
2353,24,21713,4
2354,24,23603,5
2355,24,23612,5
2356,24,24499,4
2357,24,24582,5
2358,24,24845,4
2359,24,25164,4
2360,24,25278,5
2361,24,26145,3
2362,24,26718,4
2363,24,27934,3
2364,24,28158,4
2365,24,28824,4
2366,24,29819,5
2367,24,30283,5
2368,24,30313,5
2369,24,30944,3
2370,24,31001,5
2371,24,32055,4
2372,24,32305,5
2373,24,32592,4
2374,24,32635,5
2375,24,32918,5
2376,24,33065,5
2377,24,33697,5
2378,24,33864,4
2379,24,36099,5
2380,24,37746,3
2381,24,40126,5
2382,24,41074,4
2383,24,41318,5
2384,24,43602,3
2385,24,45269,4
2386,24,45554,4
2387,24,46421,5
2388,24,47476,4
2389,24,47800,5
2390,24,48482,4
2391,24,48559,3
2392,24,48687,1
2393,24,49298,5
2394,24,50342,5
2395,24,51065,5
2396,24,51460,4
2397,24,51762,5
2398,24,51838,4
2399,24,53293,5
2400,25,588,5
2401,25,2077,3
2402,25,3022,4
2403,25,3922,5
2404,25,5436,5
2405,25,6252,5
2406,25,6634,3
2407,25,8167,4
2408,25,8454,3
2409,25,9011,4
2410,25,9244,3
2411,25,9731,4
2412,25,9771,4
2413,25,10140,3
2414,25,10249,5
2415,25,10288,5
2416,25,10751,5
2417,25,10944,4
2418,25,11285,4
2419,25,11408,4
2420,25,11691,4
2421,25,11854,4
2422,25,11927,5
2423,25,11999,3
2424,25,12471,5
2425,25,12476,5
2426,25,12946,5
2427,25,13095,4
2428,25,13282,5
2429,25,13360,3
2430,25,13544,5
2431,25,14222,3
2432,25,14546,5
2433,25,14936,4
2434,25,15318,3
2435,25,15604,4
2436,25,15889,4
2437,25,16569,4
2438,25,16913,3
2439,25,17566,4
2440,25,18031,5
2441,25,18100,5
2442,25,18313,5
2443,25,18361,4
2444,25,19171,5
2445,25,19724,5
2446,25,19729,5
2447,25,19942,3
2448,25,20076,4
2449,25,21217,4
2450,25,21228,4
2451,25,21676,5
2452,25,21713,5
2453,25,23612,5
2454,25,24499,4
2455,25,24582,5
2456,25,24845,4
2457,25,25164,3
2458,25,26145,3
2459,25,26629,4
2460,25,27612,5
2461,25,27934,3
2462,25,28158,5
2463,25,28824,5
2464,25,29819,4
2465,25,30283,5
2466,25,30313,4
2467,25,30601,4
2468,25,30944,4
2469,25,31001,5
2470,25,32055,4
2471,25,32305,5
2472,25,32592,4
2473,25,32635,5
2474,25,32635,5
2475,25,32918,5
2476,25,33065,5
2477,25,33147,5
2478,25,33697,3
2479,25,33864,4
2480,25,36099,5
2481,25,40126,5
2482,25,40468,5
2483,25,41074,3
2484,25,41318,5
2485,25,43985,4
2486,25,44243,4
2487,25,45269,4
2488,25,45554,3
2489,25,47476,4
2490,25,47800,5
2491,25,48482,4
2492,25,48559,5
2493,25,48687,1
2494,25,49298,5
2495,25,50342,5
2496,25,51065,5
2497,25,51838,5
2498,25,52036,2
2499,25,52583,5
2500,26,588,3
2501,26,1169,1
2502,26,1952,3
2503,26,2324,3
2504,26,2900,4
2505,26,3922,3
2506,26,4536,4
2507,26,5436,4
2508,26,6342,3
2509,26,6634,2
2510,26,7001,4
2511,26,9731,4
2512,26,9771,3
2513,26,10111,2
2514,26,10140,2
2515,26,10402,3
2516,26,10944,1
2517,26,11239,2
2518,26,11599,2
2519,26,11691,4
2520,26,11692,3
2521,26,11927,2
2522,26,11945,5
2523,26,12381,2
2524,26,12874,5
2525,26,12946,3
2526,26,13282,5
2527,26,13360,4
2528,26,13794,2
2529,26,13991,4
2530,26,14248,3
2531,26,14285,3
2532,26,14546,2
2533,26,15604,4
2534,26,15748,5
2535,26,16377,5
2536,26,17228,4
2537,26,17566,5
2538,26,18031,4
2539,26,18313,5
2540,26,18361,3
2541,26,18550,4
2542,26,18798,3
2543,26,19191,2
2544,26,19724,5
2545,26,19942,5
2546,26,20848,4
2547,26,21217,4
2548,26,21228,4
2549,26,21713,4
2550,26,22164,3
2551,26,22534,2
2552,26,23612,4
2553,26,24499,2
2554,26,24582,4
2555,26,24845,4
2556,26,25164,4
2557,26,26053,3
2558,26,26145,4
2559,26,27612,3
2560,26,29031,3
2561,26,30283,3
2562,26,30833,3
2563,26,30871,4
2564,26,30944,3
2565,26,31001,3
2566,26,32055,5
2567,26,32592,4
2568,26,32635,3
2569,26,32918,5
2570,26,32923,4
2571,26,33065,4
2572,26,33147,2
2573,26,33697,2
2574,26,33864,3
2575,26,34688,4
2576,26,35259,4
2577,26,35982,2
2578,26,36099,4
2579,26,37284,4
2580,26,37834,4
2581,26,38865,3
2582,26,41074,3
2583,26,42574,5
2584,26,43602,4
2585,26,43622,3
2586,26,44397,5
2587,26,45269,2
2588,26,45554,4
2589,26,47411,5
2590,26,48297,3
2591,26,48482,4
2592,26,48559,3
2593,26,48687,5
2594,26,49298,2
2595,26,50342,4
2596,26,51460,4
2597,26,51480,1
2598,26,51762,4
2599,26,51838,4
2600,27,439,5
2601,27,588,4
2602,27,2077,5
2603,27,2900,5
2604,27,3022,4
2605,27,3922,5
2606,27,5436,5
2607,27,8167,4
2608,27,9011,3
2609,27,9731,4
2610,27,9771,4
2611,27,10111,4
2612,27,10140,3
2613,27,10249,5
2614,27,10288,5
2615,27,10509,2
2616,27,10751,4
2617,27,10944,4
2618,27,11285,4
2619,27,11408,4
2620,27,11599,5
2621,27,11854,4
2622,27,11927,5
2623,27,11999,3
2624,27,12471,5
2625,27,12476,5
2626,27,12946,4
2627,27,13282,5
2628,27,13360,3
2629,27,13544,5
2630,27,14546,5
2631,27,14936,4
2632,27,15318,3
2633,27,15604,3
2634,27,15889,4
2635,27,16569,5
2636,27,16913,3
2637,27,17566,4
2638,27,17984,5
2639,27,18031,5
2640,27,18100,4
2641,27,18313,5
2642,27,18361,4
2643,27,19171,5
2644,27,19724,5
2645,27,19729,4
2646,27,19942,4
2647,27,20076,4
2648,27,21228,3
2649,27,21676,5
2650,27,21713,4
2651,27,22534,5
2652,27,23612,5
2653,27,24499,4
2654,27,24582,5
2655,27,24845,5
2656,27,25164,4
2657,27,26145,3
2658,27,26629,4
2659,27,26718,4
2660,27,27612,5
2661,27,28158,4
2662,27,28824,5
2663,27,29819,5
2664,27,30283,5
2665,27,30313,4
2666,27,30601,4
2667,27,30944,2
2668,27,31001,5
2669,27,32055,4
2670,27,32305,5
2671,27,32592,4
2672,27,32635,4
2673,27,32918,5
2674,27,33065,5
2675,27,33147,5
2676,27,33697,4
2677,27,33864,4
2678,27,36099,5
2679,27,37746,3
2680,27,40126,5
2681,27,41074,4
2682,27,41318,5
2683,27,43602,3
2684,27,45269,5
2685,27,45554,3
2686,27,47476,3
2687,27,47800,5
2688,27,48297,3
2689,27,48482,4
2690,27,48559,2
2691,27,48687,1
2692,27,49298,5
2693,27,50342,5
2694,27,51166,5
2695,27,51460,4
2696,27,51480,1
2697,27,51762,5
2698,27,51838,5
2699,27,52036,2
2700,28,1169,4
2701,28,2276,2
2702,28,2324,5
2703,28,2900,3
2704,28,3087,4
2705,28,3739,5
2706,28,3922,2
2707,28,5115,3
2708,28,5436,5
2709,28,5461,5
2710,28,5645,5
2711,28,5885,3
2712,28,6063,3
2713,28,6342,5
2714,28,6630,3
2715,28,8370,4
2716,28,8484,2
2717,28,9011,2
2718,28,9011,1
2719,28,9246,4
2720,28,9731,3
2721,28,10111,5
2722,28,10140,3
2723,28,10402,4
2724,28,10751,5
2725,28,11691,5
2726,28,11868,3
2727,28,11927,3
2728,28,11945,5
2729,28,12381,4
2730,28,12946,5
2731,28,13034,4
2732,28,13274,4
2733,28,13794,2
2734,28,13991,4
2735,28,14192,5
2736,28,14248,4
2737,28,14546,5
2738,28,14603,5
2739,28,15604,5
2740,28,16569,4
2741,28,16913,4
2742,28,17434,5
2743,28,17566,4
2744,28,18798,3
2745,28,19526,5
2746,28,19724,3
2747,28,19729,3
2748,28,19942,3
2749,28,20967,5
2750,28,21228,4
2751,28,21487,4
2752,28,21713,3
2753,28,21733,3
2754,28,22602,4
2755,28,24499,3
2756,28,24834,3
2757,28,25164,4
2758,28,25182,2
2759,28,25278,5
2760,28,25840,2
2761,28,26053,4
2762,28,26145,3
2763,28,26629,5
2764,28,27934,5
2765,28,28767,1
2766,28,29819,4
2767,28,30313,4
2768,28,30944,5
2769,28,32305,5
2770,28,32635,5
2771,28,32748,5
2772,28,32923,4
2773,28,33065,4
2774,28,33697,5
2775,28,33872,4
2776,28,36695,4
2777,28,37284,3
2778,28,37834,5
2779,28,42404,5
2780,28,42508,4
2781,28,42574,5
2782,28,42810,3
2783,28,43622,4
2784,28,44397,5
2785,28,45269,4
2786,28,45493,4
2787,28,46421,5
2788,28,46482,3
2789,28,46977,5
2790,28,47411,3
2791,28,47800,5
2792,28,48440,5
2793,28,48482,3
2794,28,48559,4
2795,28,48687,5
2796,28,50101,5
2797,28,51480,2
2798,28,51838,4
2799,28,53245,4
2800,29,314,3
2801,29,588,3
2802,29,1169,5
2803,29,3087,5
2804,29,3922,5
2805,29,4536,3
2806,29,5645,5
2807,29,5885,4
2808,29,6063,5
2809,29,6252,1
2810,29,6342,5
2811,29,6634,4
2812,29,7001,4
2813,29,8167,3
2814,29,8178,5
2815,29,8370,3
2816,29,8484,5
2817,29,8510,4
2818,29,9246,2
2819,29,9771,5
2820,29,10111,3
2821,29,10246,5
2822,29,10402,3
2823,29,10751,4
2824,29,11691,5
2825,29,11692,4
2826,29,11868,5
2827,29,11927,3
2828,29,11945,5
2829,29,12874,3
2830,29,13034,3
2831,29,13282,5
2832,29,13794,3
2833,29,14192,5
2834,29,14207,4
2835,29,14248,3
2836,29,14546,5
2837,29,14603,4
2838,29,15547,4
2839,29,15604,4
2840,29,15748,1
2841,29,16177,4
2842,29,17228,5
2843,29,17566,5
2844,29,17643,1
2845,29,17663,4
2846,29,18798,3
2847,29,19171,5
2848,29,19191,3
2849,29,19724,4
2850,29,19984,5
2851,29,21217,3
2852,29,21228,4
2853,29,21487,3
2854,29,21676,5
2855,29,21724,4
2856,29,21733,2
2857,29,22164,5
2858,29,22602,4
2859,29,24326,4
2860,29,24389,4
2861,29,25164,4
2862,29,25182,5
2863,29,25840,5
2864,29,26629,4
2865,29,27499,5
2866,29,27834,3
2867,29,28767,3
2868,29,28824,3
2869,29,30601,5
2870,29,30681,4
2871,29,30794,4
2872,29,30833,5
2873,29,30944,4
2874,29,32055,4
2875,29,32305,4
2876,29,32419,5
2877,29,32576,4
2878,29,32635,4
2879,29,32748,5
2880,29,33697,5
2881,29,33864,5
2882,29,36099,4
2883,29,37690,4
2884,29,37855,5
2885,29,40126,4
2886,29,42404,4
2887,29,42508,3
2888,29,42574,3
2889,29,45269,3
2890,29,45493,5
2891,29,45554,4
2892,29,46421,5
2893,29,47411,3
2894,29,48687,5
2895,29,50342,3
2896,29,51460,4
2897,29,51480,4
2898,29,51762,5
2899,29,52036,5
2900,30,314,4
2901,30,725,4
2902,30,1185,4
2903,30,2324,5
2904,30,3087,1
2905,30,3641,4
2906,30,5379,3
2907,30,6252,3
2908,30,6630,3
2909,30,7563,4
2910,30,8440,3
2911,30,8669,2
2912,30,8909,4
2913,30,9195,3
2914,30,9722,4
2915,30,10246,4
2916,30,10288,4
2917,30,10610,5
2918,30,11599,4
2919,30,11692,5
2920,30,11927,4
2921,30,12476,4
2922,30,13000,3
2923,30,13544,1
2924,30,14385,5
2925,30,14546,5
2926,30,15054,4
2927,30,15318,2
2928,30,16377,5
2929,30,16569,4
2930,30,16576,3
2931,30,17105,3
2932,30,17242,1
2933,30,17984,3
2934,30,18031,5
2935,30,18361,4
2936,30,18550,4
2937,30,18798,4
2938,30,19191,3
2939,30,20363,4
2940,30,20782,4
2941,30,21543,3
2942,30,21713,1
2943,30,21733,3
2944,30,23612,4
2945,30,24389,4
2946,30,24582,4
2947,30,24582,3
2948,30,26244,1
2949,30,26282,4
2950,30,26398,4
2951,30,26579,4
2952,30,26661,4
2953,30,26883,4
2954,30,27027,4
2955,30,29031,3
2956,30,29703,4
2957,30,30313,4
2958,30,31760,4
2959,30,31760,4
2960,30,32576,4
2961,30,32748,5
2962,30,32923,3
2963,30,33147,5
2964,30,33207,4
2965,30,33872,3
2966,30,33890,4
2967,30,34531,5
2968,30,34688,3
2969,30,35146,3
2970,30,35982,4
2971,30,36031,4
2972,30,37834,4
2973,30,38080,1
2974,30,38687,3
2975,30,40167,3
2976,30,41240,5
2977,30,42404,4
2978,30,43037,3
2979,30,43985,4
2980,30,44397,4
2981,30,46482,4
2982,30,46977,4
2983,30,47730,5
2984,30,47746,5
2985,30,48687,5
2986,30,49152,5
2987,30,49288,5
2988,30,49289,5
2989,30,49295,5
2990,30,49297,5
2991,30,50096,5
2992,30,50101,5
2993,30,50102,5
2994,30,50104,5
2995,30,50133,5
2996,30,51166,5
2997,30,51460,4
2998,30,52469,5
2999,30,52583,3
